SampleID	k__Bacteria;p__Firmicutes;c__Clostridia;o__Clostridiales;f__Ruminococcaceae;g__Faecalibacterium	k__Bacteria;p__Firmicutes;c__Erysipelotrichi;o__Erysipelotrichales;f__Erysipelotrichaceae;g__	k__Bacteria;p__Firmicutes;c__Clostridia;o__Clostridiales;f__;g__	k__Bacteria;p__Actinobacteria;c__Actinobacteria;o__Bifidobacteriales;f__Bifidobacteriaceae;g__Bifidobacterium	k__Bacteria;p__Firmicutes;c__Clostridia;o__Clostridiales;f__Ruminococcaceae;g__Oscillospira	k__Bacteria;p__Firmicutes;c__Bacilli;o__Lactobacillales;f__Lactobacillaceae;g__Lactobacillus	k__Bacteria;p__Firmicutes;c__Clostridia;o__Clostridiales;f__Lachnospiraceae;g__Coprococcus
DF-TMF10-15039	0.070526876	0.024025103	-0.0037505368	-0.042027194	0.0597918	-0.022342127	0.045351066
DF-TMF10-BQ1418	-0.040821414	0.062607124	0.05422071	0.06965518	0.071155675	0.12497626	-0.007035812
DF-TMF10-CY3434	0.019812113	-0.08068302	-0.04404047	0.01356739	-0.0529173	0.17362474	0.031828858
DF-TMF10-BQ2518	-0.016886387	-0.023896264	-0.0469818	-0.055527326	-0.06112637	0.17840631	-0.034452017
DF-TMF10-15086	0.08132574	0.016107801	-0.04686981	0.07220623	0.07316289	-0.1305642	0.043575913
DF-TMF10-15100	-0.040277448	0.0027251071	0.012788918	0.047229506	0.06676207	0.12317534	-0.000610451
DF-TMF10-15053	0.07884907	-0.05641648	-0.027160997	0.014989573	-0.030779617	-0.12829407	0.012865703
DF-TMF10-CQ3635	-0.04398096	-0.06568268	-0.040010475	-0.040151868	-0.030979592	-0.11781417	0.0465397
DF-TMF10-BY1918	-0.06129835	0.018447226	0.013389055	0.07225617	-0.016132593	-0.12164031	0.036236897
DF-TMF10-15088	0.016982922	-0.07705362	-0.041987576	-0.017324636	-0.05531996	-0.022799548	0.037439533
DF-TMF10-BQ5818	-0.04199293	-0.0781599	-0.04358425	-0.040525604	0.014085807	0.18297327	-0.0045338585
DF-TMF10-15090	0.011879294	0.061480474	-0.041908152	0.069431834	0.06726261	-0.12925723	-0.017805342
DF-TMF15-CQ6034	0.066779494	-0.07764018	0.051628012	0.014215364	-0.057473864	0.17952505	-0.05358263
DF-TMF10-BQ4018	-0.046153042	0.050560985	0.04753426	0.04560042	0.07310516	0.12312131	-0.052766602
DF-TMF10-CY5034	-0.014983921	0.018574685	-0.040940482	-0.03968695	-0.054371484	-0.120153666	0.0074312934
DF-TMF10-AY5501	-0.06470545	-0.011053786	-0.04711839	0.04696921	0.034246724	0.055300828	-0.019962454
DF-TMF10-CY6034	0.06895195	-0.079510935	0.05163618	-0.054845057	-0.058675144	0.1775966	-0.052215166
DF-TMF10-15029	-0.022465369	0.017459806	-0.041698024	0.045928076	-0.057701714	-0.12140657	-0.03572518
DF-TMF10-CQ1535	-0.043973263	-0.06924938	-0.042018544	0.06817487	0.012665916	-0.119195886	0.032555733
DF-TMF10-CY5433	-0.041295145	-0.058071997	-0.04065269	-0.040504433	-0.046930518	0.051870774	-0.0005863766
DF-TMF10-BQ3618	-0.04562151	-0.029174203	-0.039217487	0.041880097	-0.008596007	0.16367719	0.03944773
DF-TMF15-CQ2235	0.078521006	-0.013071775	0.049351256	0.07320908	0.07390191	-0.1311958	0.038706813
DF-TMF10-AY3801	0.043546088	0.026945692	-0.043577977	-0.05611418	0.022969928	0.18196942	-0.017650984
DF-TMF10-15004	-0.016128138	-0.02630662	-0.040536877	0.06892289	0.054887354	-0.12406216	0.044307824
DF-TMF10-CQ1734	-0.04200648	-0.07628057	0.045572873	-0.10371263	0.0699478	0.18021777	-0.04940094
DF-TMF10-CY1535	-0.062411427	-0.063215174	0.042094115	0.068384096	0.013190107	-0.1197949	0.005290265
DF-TMF10-AY1501	0.041634534	-0.07879774	-0.011792919	-0.10661926	0.07040319	0.18355086	-0.052025866
DF-TMF10-BY5918	-0.070041485	-0.06109644	-0.042572275	0.068707064	-0.055285484	0.05213605	-0.03637956
DF-TMF10-BY3618	-0.04243125	-0.066425964	-0.04497251	0.06918327	-0.050073005	0.1745328	0.044878706
DF-TMF10-CY4636	-0.04472891	0.048109163	0.044072155	-0.05624718	-0.054063525	0.11915428	-0.019692719
DF-TMF10-15047	0.07015698	0.05974689	-0.047957536	0.07004663	0.048568223	-0.12885989	0.045271818
DF-TMF10-CY1634	0.021385338	-0.028868904	-0.039374117	-0.041338947	0.051476244	0.17373791	0.046388403
DF-TMF10-24581	-0.03443395	0.059220698	0.05016889	0.07256922	0.0728971	0.0622118	0.04447228
DF-TMF10-CY1234	0.07454584	0.06159035	0.053398944	0.070670046	0.07192096	0.17205033	0.04291195
DF-TMF10-CY3534	-0.056730464	-0.080547385	0.007125605	-0.019685196	-0.056324888	-0.024092814	-0.051444225
DF-TMF10-AQ5201	0.016963203	0.0036973453	-0.045679852	-0.039706923	0.0096442485	0.17877907	-0.012752687
DF-TMF10-AY5201	0.008506406	0.0039552557	-0.043974128	0.011861978	-0.057366718	0.17485839	0.03309238
DF-TMF10-BY1618	-0.018031865	-0.08171898	-0.044374365	0.06945246	0.06780137	0.18530914	-0.05335669
DF-TMF10-BY4318	-0.033669986	-0.086452745	-0.043794014	0.046938833	0.050685413	0.17767765	0.013596951
DF-TMF10-BY1718	-0.04454181	-0.063310765	0.055643134	-0.089281864	0.07237002	0.18645334	-0.017831838
DF-TMF10-AY3701	0.044679176	-0.08073017	-0.04305824	-0.0732722	-0.04510734	0.17472576	-0.025580255
DF-TMF10-BQ6019	0.053215012	0.0011893549	0.047136497	-0.018993538	0.070967495	0.18129522	0.04219789
DF-TMF10-CQ5134	0.06922896	-0.025859583	-0.028822802	-0.10242444	0.06817118	0.1872009	0.04373328
DF-TMF10-BY1518	-0.044857066	-0.018828528	0.004539896	0.0466269	0.059007015	0.18559517	0.012845186
DF-TMF15-CQ1934	-0.046065785	-0.01859624	0.04762652	0.0703111	0.06823391	-0.02085454	-0.05363629
DF-TMF10-AQ3701	0.0696976	-0.06428641	-0.041737076	-0.09437811	-0.05164132	0.17222513	-0.033044335
DF-TMF10-AY5001	0.033307616	-0.025936006	-0.00149707	0.07112211	0.038232032	0.17729026	0.039101075
DF-TMF15-AQ3301	0.074153446	0.060430057	0.049334627	0.0686861	0.06912618	-0.12600245	-0.046004683
DF-TMF10-CQ2335	0.066892184	-0.081792735	0.045977127	-0.093480684	0.06709932	-0.12694053	0.0047416207
DF-TMF10-AQ3601	0.06318309	0.025776144	-0.03530805	-0.019282151	0.013175769	0.10946241	-0.03326173
DF-TMF10-AY2501	0.072125874	-0.037731525	-0.04722843	-0.10460654	0.011074186	0.17720152	-0.05555925
DF-TMF10-BQ4518	-0.053043894	0.0020180324	-0.00909109	0.042971488	-0.050759956	0.17684756	-0.03787669
DF-TMF10-AY1301	0.037852906	-0.016104925	-0.012644897	-0.09210211	0.054174177	0.18189086	0.00050775806
DF-TMF10-AQ4501	0.07049155	-0.019273961	-0.019563725	-0.10883578	0.07155485	0.12432614	0.043899648
DF-TMF10-AQ4901	-0.06314379	-0.07384959	-0.043447956	-0.10048492	-0.055653002	0.17513804	-0.0144649455
DF-TMF10-15018	0.023763143	0.03323034	0.053700935	0.04637533	0.07479059	-0.13004817	0.040373337
DF-TMF10-CY5533	0.06819852	-0.04177097	-0.007039026	0.06784409	-0.058170542	-0.02371303	-0.051249143
DF-TMF10-AQ3801	0.06166247	0.019755814	-0.042425994	-0.09832941	0.06512631	0.18138172	-0.041045368
DF-TMF10-15076	-0.023382751	-0.012971859	0.04726973	0.07120623	0.036151625	0.062009353	0.045062624
DF-TMF10-AY5701	0.07312788	0.062283162	0.0036907885	-0.10431881	0.07406476	0.19118409	0.03791339
DF-TMF10-AY4301	0.0500482	-0.05235117	-0.04705837	0.046044916	0.042545833	0.17919485	-0.017392395
DF-TMF10-15033	0.0794551	0.022537306	0.032528553	0.07135709	0.031152006	-0.12938163	0.04606232
DF-TMF10-AQ2801	0.070727274	-0.07754714	0.036440693	-0.10073686	0.07123756	0.18075602	-0.049106672
DF-TMF10-BQ2818	0.026155107	-0.07438355	-0.042827908	0.070291944	0.030779488	-0.123150125	0.008352392
DF-TMF10-CQ2535	0.06872953	-0.0827298	-0.043864854	0.046657074	-0.059861995	-0.024137404	-0.052699868
DF-TMF10-BQ5118	0.054613315	0.018018063	-0.04806748	0.070282325	0.06994359	-0.12802933	0.013443626
DF-TMF10-15054	0.072442986	0.033566225	0.010328481	-0.040761337	-0.010669575	-0.12734547	0.04509004
DF-TMF10-CQ2833	-0.04231447	-0.07940396	-0.043957084	-0.09980443	0.06838366	0.056185957	-0.047889292
DF-TMF10-15048	-0.043026164	0.059106622	0.05032745	0.072171174	0.071712516	-0.13097054	0.014847032
DF-TMF10-CY1934	-0.04201863	-0.019092144	0.051606227	-0.071226954	0.06885375	0.11959542	-0.03826988
DF-TMF15-AQ4001	0.0716351	0.015946284	0.02649589	0.017160807	0.07165776	-0.1280859	-0.043130655
DF-TMF10-15094	0.05154296	-0.07550361	-0.040421613	-0.0380199	-0.05435205	0.050871078	-0.054218184
DF-TMF10-20001	0.07085417	-0.07263894	-0.04769438	0.013411881	-0.057903517	-0.023684219	-0.018756809
DF-TMF10-CY5633	0.06444797	-0.021612735	-0.00073514023	-0.0948862	-0.027742341	0.1707958	0.045236886
DF-TMF10-CQ5234	0.0178634	-0.087642625	0.033506203	-0.09325963	0.06793636	0.16679081	-0.04330711
DF-TMF15-CQ5836	-0.051043082	-0.07814445	-0.037431665	-0.07057534	-0.024910945	-0.023536002	-0.018000009
DF-TMF10-BY5718	-0.042682644	-0.06380837	-0.044056136	0.07014211	0.053201698	0.18507029	-0.03176727
DF-TMF10-CQ4235	-0.016940214	-0.07729944	-0.044913694	-0.09105833	-0.04203744	-0.025713028	-0.043142457
DF-TMF10-CY5134	0.051025886	-0.067193866	-0.044763148	-0.09716037	-0.043939993	0.17533898	-0.0074613784
DF-TMF10-CY2535	0.03618893	-0.08008727	-0.042558897	0.0132614905	-0.0525308	-0.023566402	-0.05516896
DF-TMF10-AQ5701	0.047516026	0.0009809389	0.055130545	-0.09531761	0.072303504	0.188342	-0.016663628
DF-TMF10-CY5234	-0.013505374	-0.0854465	0.035330147	0.04621859	0.06455746	0.06120861	-0.03734887
DF-TMF10-AY4801	0.07461864	0.05080346	0.010759268	0.0695948	0.03578256	0.18756248	0.03886038
DF-TMF10-CY5935	-0.032832474	-0.069921486	-0.042035006	-0.075394645	0.009533102	0.16518816	-0.001535089
DF-TMF10-BQ2318	0.074168086	0.052337125	0.05254876	-0.041474972	0.072618626	0.14461683	0.043198686
DF-TMF10-BQ3818	-0.042070575	-0.03339652	-0.003530188	0.015222025	0.067583375	0.18525276	-0.019025212
DF-TMF10-AQ3101	0.029702038	-0.01567747	-0.004905415	0.012769525	0.026797503	0.16546284	0.0075944406
DF-TMF10-AQ3501	-0.038873207	-0.03816111	-0.042746857	-0.09355458	-0.05882225	0.1766828	-0.033932697
DF-TMF10-AY1701	0.014033299	-0.08169741	-0.016924882	-0.10494035	0.071070544	0.18458602	-0.049238816
DF-TMF10-AQ4601	0.050045874	-0.04013011	-0.04172584	0.013967465	-0.053866293	0.16329937	-0.05553806
DF-TMF10-BY2418	-0.045791373	0.057400234	0.056578126	0.016751785	0.072145864	0.1910981	-0.024829358
DF-TMF10-BY4018	-0.041790985	0.0010132446	0.051266126	0.045801144	0.07081739	0.13762642	-0.053025458
DF-TMF10-BY1318	-0.04728075	0.0013258028	0.0055304314	-0.041888714	0.06960539	0.18495803	-0.03122332
DF-TMF10-AQ3201	-0.01824181	-0.019312061	-0.04284181	-0.09492328	0.033831257	0.14373797	-0.05309575
DF-TMF10-BY3818	-0.06582783	-0.012460355	-0.012410812	-0.040528014	0.06951276	0.18774074	0.034913555
DF-TMF15-AY1601	0.07898848	-0.02468882	-0.048492793	0.0495546	0.06559943	-0.12853573	-0.02972779
DF-TMF15-CQ3836	0.06381963	0.0004042008	0.045621675	0.06910173	0.072179675	0.18741545	0.01961954
DF-TMF10-AY3901	-0.04001779	-0.01831973	-0.0438489	-0.10098733	-0.055795968	0.17346036	-0.038513
DF-TMF10-15030	0.07988365	0.055903073	-0.046894267	0.07017655	0.06274755	0.05840112	0.007046112
DF-TMF10-AY5901	0.07935177	0.036432654	-0.012633864	-0.042558655	0.06387355	0.17046614	-0.05199286
DF-TMF10-CQ4735	-0.042400356	-0.06923321	0.022950992	-0.06963546	0.010062734	0.061024573	0.037787452
DF-TMF10-BQ5918	-0.07034952	0.015868781	-0.043224186	0.0669844	0.063877255	-0.12515162	-0.042949624
DF-TMF10-BQ3418	-0.041962255	-0.06865664	-0.026366595	0.046181634	0.06478592	0.17730169	0.034175176
DF-TMF10-CQ5533	0.073392205	-0.0004565063	0.05037382	0.071194366	0.026642688	0.059933987	-0.0070803855
DF-TMF10-CY1734	-0.04136361	-0.024475653	0.04304136	-0.107079	0.070098616	0.18147177	-0.050814744
DF-TMF10-AQ1901	0.07346839	-0.031741887	0.014414785	-0.0996535	0.070651226	-0.023760322	0.044315744
DF-TMF10-15096	0.05476359	-0.055905152	0.043818507	0.07122698	0.07013922	-0.022266315	0.045156643
DF-TMF10-AQ2201	0.065377526	-0.020755637	0.028793702	-0.018217912	0.07182147	0.18438298	0.017317716
DF-TMF10-AQ1801	-0.016219826	0.06257904	-0.027576031	-0.042853933	0.06590669	0.14013569	0.045415197
DF-TMF10-AY2301	0.07344973	0.06274403	0.05244267	-0.041431032	0.07290875	0.18481351	0.043077998
DF-TMF10-AY1401	0.05604041	0.06047529	0.036880758	-0.04114589	0.06417058	0.178894	0.0075392206
DF-TMF10-BY4618	-0.043641333	0.03471356	-0.042928427	0.06387219	-0.052519545	0.16505314	-0.050518066
DF-TMF10-AY4701	0.064486735	-0.014220556	-0.01703588	-0.10181128	-0.044116456	0.172956	-0.018763166
DF-TMF10-AQ4701	0.065742515	-0.011529556	-0.04147084	-0.10119753	-0.027382176	0.17610174	0.014225443
DF-TMF15-CY5935	-0.009990177	-0.08265234	-0.020689966	-0.017225873	-0.011329077	0.17753305	-0.019022824
DF-TMF10-BQ5418	-0.030010652	-0.017483667	-0.011151362	-0.09930619	0.06343001	0.17543916	-0.017134096
DF-TMF15-CY1334	0.078399226	0.047910854	0.048208844	0.046025082	0.03199048	-0.12582146	0.031603847
DF-TMF15-CQ5034	-0.013222907	0.03639883	0.014137605	0.068659276	-0.055531703	0.16385886	0.008716772
DF-TMF10-AY1901	-0.023364104	0.018962579	0.025638144	0.047887426	0.06664042	-0.022229793	0.0066260826
DF-TMF10-CY2235	0.07110716	-0.041857596	0.044655345	-0.05815537	0.06785637	0.18488616	0.038532864
DF-TMF10-15077	-0.04410223	-0.02069601	0.05403591	0.072121434	0.013382487	-0.024318472	0.037374288
DF-TMF10-CY4333	0.02195726	-0.015409004	-0.034456417	0.06869614	-0.028828645	0.17712742	0.01925631
DF-TMF10-AY1201	0.0713115	0.038240477	-0.023794368	0.048035596	0.07314095	0.18346988	-0.018658793
DF-TMF10-CY2833	0.026066339	-0.080035724	-0.04536949	0.044872675	-0.05577165	-0.023768343	-0.026800845
DF-TMF10-BQ3518	-0.06693514	-0.023853453	-0.044712014	0.06999376	0.057407346	0.057617895	-0.053866845
DF-TMF10-AY2701	-0.045840345	-0.06936707	0.042694036	-0.0722367	0.0725603	0.18990022	0.0059378967
DF-TMF10-BQ4218	-0.04338118	-0.0826432	-0.044920493	0.016396772	0.06377671	0.15033977	-0.05586145
DF-TMF10-BY4818	-0.06364221	0.019847766	-0.0331686	0.0682074	-0.029979717	0.18327598	0.037249178
DF-TMF10-15081	0.016189773	0.018743495	0.04827474	-0.05580152	-0.0004651382	0.13441575	-0.014018081
DF-TMF10-CQ4533	-0.043102033	0.018091228	0.005690074	0.06956393	0.06835001	-0.13294812	-0.018766277
DF-TMF10-24552	-0.062704615	0.01765007	-0.0031546243	0.0685944	0.06393289	-0.12793301	0.043674435
DF-TMF10-CY3236	0.054188397	-0.025219524	-0.043942917	-0.100525245	-0.043616105	0.17587648	0.007378271
DF-TMF10-CQ4935	-0.0656101	-0.07202489	-0.043983605	-0.015995659	-0.05213429	-0.025546899	-0.019129505
DF-TMF10-24589	-0.041785154	-0.019794637	0.023452558	0.042017136	-0.05315335	0.15996538	-0.0083538005
DF-TMF10-BQ1218	-0.045280237	-0.0141704725	0.014800979	-0.05899673	0.072400525	0.185302	-0.01876885
DF-TMF10-15070	0.06850286	-0.021805946	0.035395123	0.07104235	-0.042408254	-0.02363144	0.045095813
DF-TMF10-AY3101	-0.043974325	-0.019805394	0.04572384	0.06928812	-0.059287354	0.1783861	0.007659902
DF-TMF10-BQ2718	-0.04641909	-0.024576154	0.041479647	-0.04123114	0.06745262	0.18778698	-0.037326373
DF-TMF10-CY3635	-0.06280951	-0.07535472	-0.039761644	-0.018629368	-0.05300282	0.049868483	0.031246984
DF-TMF10-BQ1918	-0.0053791343	0.037126146	-0.02756279	0.04886253	0.071187064	-0.021858346	0.04406597
DF-TMF10-BQ4318	0.02787388	-0.066049114	-0.045578722	0.045885414	0.0688299	0.18064162	0.0069440175
DF-TMF10-CQ4035	-0.043258138	0.03660453	0.054971807	0.016287772	0.07282382	-0.024744539	-0.02682725
DF-TMF10-AY5601	0.06265335	-0.052242864	-0.04886378	-0.076996975	-0.025685558	0.17333119	-0.025093071
DF-TMF10-BQ3118	-0.05073502	-0.064806074	-0.037753854	-0.10190336	-0.056999564	0.17558566	-0.05431522
DF-TMF10-BQ3018	0.06864571	0.06070019	-0.03147033	0.07198851	0.069941156	0.06041268	0.033906
DF-TMF10-15021	0.026270023	-0.07920417	-0.042516537	0.013620608	-0.05533887	-0.11709069	-0.0018156756
DF-TMF10-CQ2435	-0.06332136	0.024126502	0.0038899363	0.07139637	0.06966504	-0.023139503	0.006151369
DF-TMF10-CY4735	-0.04190346	-0.061530344	0.04563548	-0.03875279	-0.024856735	0.12145871	0.03152321
DF-TMF10-CQ3335	0.06437555	0.037492845	0.037265748	-0.09674857	0.07098742	0.18742023	0.014744716
DF-TMF10-AY3401	-0.00887714	-0.08195373	-0.04091595	-0.1027485	-0.057213984	0.17459561	-0.025402164
DF-TMF10-AQ1701	-0.055154495	-0.07176302	0.043863416	-0.10422991	0.0716633	0.18553163	-0.050483715
DF-TMF10-AY4901	-0.03733401	-0.083145104	-0.042583372	-0.087399185	-0.053085484	0.17278545	-0.01955592
DF-TMF15-CQ5234	-0.016065683	-0.0794528	0.013447723	-0.10253802	0.067787685	-0.12726848	-0.048127875
DF-TMF10-BY3418	-0.03977307	-0.07079954	-0.0069977785	0.013945813	-0.04856474	0.17389554	0.03288543
DF-TMF10-AY3001	0.067963384	0.026654195	0.022874126	-0.0910553	0.06916398	0.18140642	0.019683741
DF-TMF10-BY3318	0.08387549	0.058528464	0.050541293	0.07178143	0.07436128	0.17982844	0.044251036
DF-TMF10-AQ3301	-0.007927687	-0.060701754	-0.04352197	-0.08809383	-0.00752412	0.05384875	-0.0407307
DF-TMF10-BY2218	0.07187229	0.02473611	0.04937664	0.07059406	0.072564	0.1836978	0.0422182
DF-TMF10-AQ5101	-0.036157154	0.018734137	0.021448594	-0.019497488	0.06843139	0.1851991	0.0061853183
DF-TMF10-BQ4818	-0.0643432	0.0029189037	0.015858635	0.04696457	0.04960741	0.18599096	0.019690672
DF-TMF10-AY1601	-0.041674122	-0.07592363	-0.046635956	-0.100809775	0.0003039454	0.17542388	-0.017915329
DF-TMF15-CQ3434	-0.06314831	-0.07942197	-0.047230337	0.06763103	0.021617236	0.1440143	0.046298623
DF-TMF10-BY1218	-0.054114915	0.018641843	-0.033211805	0.06874931	0.05455239	0.18654375	-0.039169475
DF-TMF10-BQ5718	-0.044412944	0.04936775	-0.04403107	0.045296524	0.072690934	0.18620467	-0.019014163
DF-TMF10-CQ3134	0.06925256	-0.04313959	-0.039230827	-0.019873317	0.04783155	0.18056548	0.020598259
DF-TMF10-CY3836	0.034430947	-0.08250226	0.04565893	0.047422733	0.06743283	0.18524592	-0.025837105
DF-TMF10-24573	-0.042846013	-0.0397379	-0.026425194	0.070429154	0.05097144	-0.02424377	-0.051718827
DF-TMF10-CY3335	-0.06650321	0.03850003	0.03730439	-0.10620887	0.07016133	0.19206968	0.03172855
DF-TMF10-AY5101	0.04118298	-0.026572304	0.004690561	-0.055948272	0.06970939	0.18306333	0.0052415812
DF-TMF10-24565	-0.05842635	0.0029577797	-0.025562862	0.070239626	-0.057620715	-0.12892109	-0.032238312
DF-TMF10-24583	-0.04208726	-0.031453826	-0.031462368	0.06986155	0.07020446	-0.02391369	-0.051782772
DF-TMF10-AQ5501	0.017340813	-0.016314946	-0.027435826	0.070399925	0.067148	0.059951685	0.033414915
DF-TMF10-CQ5433	-0.04238978	0.00047594553	-0.043688457	0.06934865	0.0021258446	0.057514235	-0.032420877
DF-TMF10-AY3201	-0.014261945	-0.020565301	-0.044360925	0.014803816	-0.0005122269	0.11831911	-0.0545147
DF-TMF10-BQ5618	0.07833819	0.057511907	-0.012527149	0.048068997	0.07135491	0.059334967	0.046352424
DF-TMF15-CQ5633	0.07421757	0.05948768	0.012156656	0.04471573	-0.057260685	0.16516653	0.04518603
DF-TMF10-24586	0.07273037	0.037588876	0.022585666	0.071624264	0.06344288	-0.12626395	0.04084135
DF-TMF10-15062	0.07254104	-0.017071811	0.057058383	-0.102053694	0.060364764	0.06046931	0.044690534
DF-TMF10-15032	0.03441331	-0.016512167	-0.044605065	0.013851701	-0.045291267	-0.12379926	0.0382197
DF-TMF10-15057	0.074259885	-0.072241716	-0.0045006396	0.06892772	-0.05525476	0.054313075	0.046347227
DF-TMF10-AY5801	-0.053372845	-0.06668364	-0.041804496	-0.07558479	-0.050684765	0.17885128	-0.040333863
DF-TMF10-15037	0.076155886	0.01591547	-0.03335476	0.07172736	0.07509869	-0.023392556	0.018345805
DF-TMF10-AY4601	0.03905739	-0.06615835	-0.04568986	0.013456488	-0.03574233	0.17252707	-0.054730833
DF-TMF10-BY6019	0.050096504	-0.021811347	0.012501309	-0.04128366	0.07167317	0.18450977	0.041292664
DF-TMF10-CY3036	0.06794442	-0.012925167	0.012558647	0.04790368	0.07021989	0.1396408	0.018666727
DF-TMF15-CQ3534	-0.042343423	-0.07182842	0.03329681	0.0686771	-0.058693655	-0.02288033	-0.0541992
DF-TMF10-BQ5019	0.07190733	0.056821514	0.05072045	0.016335398	0.06790878	0.15511246	0.019811701
DF-TMF10-CY4935	-0.06539447	-0.08034046	-0.041765302	-0.085605	-0.05756792	0.113440774	0.013886746
DF-TMF10-CY1334	-0.060488235	-0.01258458	-0.03203999	-0.097629115	0.026598658	0.17415418	0.0070193955
DF-TMF10-15091	0.06538278	-0.011067665	-0.046867218	0.014044056	-0.04215367	-0.12097044	0.04426776
DF-TMF10-AQ6001	0.06770776	0.018325593	0.04756766	-0.09963428	0.06937084	0.18192352	0.0137045905
DF-TMF10-BY4718	-0.04053523	-0.062423866	-0.040444624	-0.08722625	-0.056499735	0.13266593	-0.045620877
DF-TMF10-AQ5901	0.07736075	0.016989723	-0.027930653	-0.06003283	0.072288536	-0.0247605	-0.05225905
DF-TMF10-BY5218	-0.04460484	-0.039192848	-0.049731944	0.07229431	0.06383306	-0.024528714	0.0064515844
DF-TMF10-BY3718	-0.043035656	-0.07581834	-0.045560062	0.07085861	-0.032898	0.18191902	-0.024975464
DF-TMF10-AY2801	-0.031365696	-0.023154225	-0.02793441	0.014227782	0.012436161	0.18395197	0.045873668
DF-TMF10-CY3935	-0.0397587	-0.010619893	-0.045140676	0.06920658	0.0646535	-0.12473218	-0.018642437
DF-TMF10-15045	-0.06001646	0.0022153382	-0.045816828	0.069151245	-0.0012689634	-0.12578188	-0.0130011905
DF-TMF10-BY1418	-0.04285271	-0.022481652	0.054330453	0.071513526	0.07194659	0.14303312	-0.00040252105
DF-TMF10-AY2201	0.07141767	-0.06838922	0.0057894355	-0.01950704	0.07200406	0.18272492	0.030962413
DF-TMF10-24563	-0.041561518	-0.07808906	-0.04326984	-0.019391011	-0.056803253	-0.1214217	-0.042937648
DF-TMF10-BQ1518	-0.044622496	0.05088271	0.056050323	-0.017083447	0.055527363	0.18639185	0.03231531
DF-TMF10-CY5735	-0.008817502	-0.08273809	-0.010070634	0.07252597	0.030458504	-0.022536367	-0.019128207
DF-TMF10-15110	0.061664138	0.051730398	0.05315673	0.072941035	0.07511043	-0.021883424	0.04691177
DF-TMF10-CY4834	-0.014666602	-0.08332822	0.04419113	0.047643032	0.069944516	0.122099236	0.018911274
DF-TMF10-AQ1601	0.031843137	-0.07678232	-0.043936558	-0.065326914	0.027507994	0.17762095	-0.029616194
DF-TMF10-BY3118	-0.059822485	-0.07178942	-0.029611485	-0.10250445	-0.056522142	0.17584196	-0.053550467
DF-TMF10-BY3018	0.040845864	0.05326901	-0.022261081	0.071903124	0.00029062794	0.1519169	0.03292117
DF-TMF10-BY5818	-0.04129337	-0.07899382	-0.04388664	-0.017837916	-0.04011259	0.17887172	-0.031352174
DF-TMF10-15106	-0.05217363	-0.024908418	-0.045761093	0.07011258	0.014439238	-0.12108947	0.044864044
DF-TMF10-AQ5601	0.042683646	-0.025612794	-0.047771618	-0.07813401	-0.043393284	0.17700058	0.04574155
DF-TMF10-BY2318	0.07847444	0.023851125	0.035947576	-0.10879226	0.07275034	0.15992795	0.042695653
DF-TMF10-AQ2701	-0.04786234	-0.06966202	-0.042194948	-0.10622754	0.071662195	0.18992507	-0.04686295
DF-TMF10-15052	0.05948204	-0.025007771	-0.04517084	0.067437686	-0.03845711	-0.12392852	0.012879681
DF-TMF10-CQ1334	-0.058715887	-0.025415502	-0.040586285	-0.09827965	0.03739135	0.16987196	0.013417741
DF-TMF15-CQ4636	0.016739823	0.046682954	0.050315313	0.01593922	0.05902197	-0.12328593	-0.04881404
DF-TMF10-CY2736	0.061565433	-0.072795816	0.0440291	-0.058868732	0.039545693	-0.12632689	0.030230239
DF-TMF10-AQ3001	0.046137683	-0.029115353	-0.044770513	-0.10440959	0.03171979	0.17722304	-0.055164497
DF-TMF10-CY3734	-0.0326273	-0.071776815	-0.03426976	-0.07966187	-0.0533525	0.15750873	-0.031645473
DF-TMF10-AY1801	-0.064801216	0.019604452	-0.00662295	-0.05990002	0.03888119	0.12501496	0.012755785
DF-TMF10-AQ1201	-0.016890105	-0.061994515	-0.0423702	-0.10528076	-0.053381894	0.17480649	-0.052636016
DF-TMF10-AQ4301	0.065072104	-0.038750157	-0.043526597	-0.10252557	0.06440635	0.1809902	0.038806055
DF-TMF10-CY4533	-0.060586117	0.00083624234	0.04839854	0.07014684	0.05506827	0.057324547	-0.042714436
DF-TMF10-BY3218	-0.053904667	-0.056851633	-0.042907808	0.071025506	0.066510975	-0.12729016	-0.049090993
DF-TMF10-15098	0.07474266	-0.06207991	-0.04035775	0.06994217	-0.024953827	-0.121428125	0.044877045
DF-TMF10-BQ3218	-0.04324375	-0.040764138	-0.041642494	0.07028707	0.06510541	-0.12589541	-0.035296317
DF-TMF15-CQ1634	0.024462432	-0.069463685	0.054252744	-0.07046054	0.011646096	0.05663302	-0.007168988
DF-TMF10-24561	0.01591405	0.018829193	-0.043516114	0.0675435	-0.057797804	-0.12272984	0.045189455
DF-TMF10-BQ5218	-0.04390098	-0.012576908	-0.004924825	0.047915515	0.07080429	0.123754136	-0.0074334936
DF-TMF10-AY4201	0.06910422	-0.0704747	-0.042543404	-0.078700826	0.061744686	0.1811319	-0.03860059
DF-TMF10-CY4035	-0.045453634	-0.014483163	0.05042257	0.049109694	0.072492495	-0.13182856	-0.016837498
DF-TMF10-AQ2501	0.06830127	-0.015950019	-0.04708388	-0.018719207	0.021705594	0.15931769	-0.056662362
DF-TMF10-15038	-0.0517736	0.018166816	-0.0140344305	0.0745218	0.07440858	-0.023300452	0.045821276
DF-TMF10-CY1834	-0.041977618	0.021649277	-0.0009701439	0.043535795	-0.049478922	-0.02515953	0.006668926
DF-TMF10-15024	-0.0676456	-0.033667617	-0.047529884	0.06991711	0.0069236234	-0.12705995	0.01820554
DF-TMF10-BY5518	0.04836556	-0.016436454	-0.04725308	0.071523234	0.058888234	-0.022944551	-0.00786533
DF-TMF10-BQ3918	-0.048696615	-0.0658906	0.033626195	-0.041303094	-0.027115257	0.059006784	0.005925515
DF-TMF10-24584	0.0096194185	-0.03720529	-0.047273327	0.07116801	-0.003847202	0.12525848	0.04606002
DF-TMF15-CQ4834	0.055986542	-0.08244205	0.045018606	0.047023	0.0656916	0.058581926	-0.018980168
DF-TMF10-BQ4918	-0.04062245	-0.012121708	-0.043609574	-0.10100057	-0.02334754	0.17404586	-0.01750565
DF-TMF10-CQ4834	0.068495065	-0.08695755	0.053285424	-0.07119015	0.06721447	0.1419318	0.04497364
DF-TMF10-CQ5735	-0.015655413	-0.0816529	-0.035180666	0.0729827	0.068759575	-0.022442477	0.0050378228
DF-TMF10-AY6001	0.06668296	0.06013269	0.035964355	-0.10310249	0.071606375	0.18280734	0.012907333
DF-TMF10-AY3501	-0.040411662	-0.0684631	-0.04296097	-0.09940754	-0.05664606	0.17470223	-0.036971506
DF-TMF10-AQ1301	0.064873815	-0.061925627	-0.040362787	-0.06970066	0.042495858	0.17784294	-0.014301255
DF-TMF10-AY3601	0.065875925	-0.028874872	-0.033117592	0.012725098	-0.0536147	-0.1116262	-0.0012451931
DF-TMF10-AQ2401	0.053916913	0.001213939	-0.038248356	-0.10724577	0.07050575	0.18173936	0.008124835
DF-TMF10-CY2335	0.057566896	-0.07854174	0.053447768	-0.104857415	0.070935145	0.061220452	0.045662176
DF-TMF10-CY2435	-0.04920635	0.023403248	0.048316512	0.07390235	0.06918154	-0.1321104	0.013648086
DF-TMF10-CQ3036	0.0775735	0.06269922	0.04871282	0.07090247	0.069838926	-0.12878324	0.031702355
DF-TMF10-CY3134	0.06713718	-0.0704441	-0.029947054	-0.086732954	-0.051115807	0.18071897	0.0072361124
DF-TMF10-BQ4618	-0.041928396	0.046355873	-0.042171787	0.042667277	0.0022106695	0.054784253	-0.052418638
DF-TMF10-BQ3718	-0.017370617	-0.07613556	-0.041492235	-0.09769183	-0.053242292	0.1632618	-0.026608756
DF-TMF10-15051	-0.039802775	0.018377664	0.05406646	0.0724596	0.07259275	-0.13342294	0.032420445
DF-TMF10-15046	-0.042454302	0.0007870216	-0.043717485	0.06937244	0.057865866	-0.12469641	-0.04319265
DF-TMF10-BQ2218	0.06986906	0.035781495	0.053017665	0.07097106	0.07236316	0.18559949	0.04363856
DF-TMF10-15050	-0.028459722	-0.07602637	0.006678572	-0.018498966	-0.04091512	0.12967236	-0.015106059
DF-TMF10-BY5019	0.064054385	0.024364898	0.049584005	-0.019105751	0.034392864	0.15348303	0.0077930233
DF-TMF10-BY5118	0.06983321	-0.026447348	-0.05026721	0.07060776	0.070656925	0.06098997	0.007991018
DF-TMF10-AY5401	0.06697817	-0.01635292	-0.04729285	-0.07579706	0.06762386	0.17671704	-0.040648498
DF-TMF10-24564	0.016106121	-0.043080736	-0.041252665	0.07046039	-0.013429932	0.11390215	-0.028461795
DF-TMF15-CQ2335	0.054940518	-0.081803866	0.051245585	-0.018682765	0.06898116	0.059778605	-0.035229955
DF-TMF10-AQ5401	0.06597838	0.0010655088	-0.019433225	-0.040512614	0.069199145	0.1819716	-0.00783753
DF-TMF10-AQ4801	0.07466024	0.059875127	0.02269913	-0.04289705	-0.033472523	0.18769872	0.038436297
DF-TMF10-AQ5001	0.06867348	0.02731248	-0.005245547	0.045322277	0.039755844	0.16229656	0.012966883
DF-TMF10-BY4218	-0.043110505	-0.08103899	-0.045520857	0.07149184	0.05789844	0.11924176	-0.045113284
DF-TMF10-CQ3935	-0.04033097	-0.019801015	-0.045344107	0.015423321	0.03730304	-0.024541892	-0.018169343
DF-TMF10-24596	-0.013866756	-0.020924881	-0.028973442	0.01407705	-0.05440208	-0.118749484	0.043440383
DF-TMF10-BQ3318	0.074127294	0.061913263	0.048214685	0.069613025	0.07328904	0.1533153	0.029997395
DF-TMF10-BQ1718	-0.03959536	-0.06710403	-0.0056666615	-0.10005533	0.07206685	0.1813918	-0.051400986
DF-TMF10-BY3918	-0.04639866	-0.062273916	-0.028372208	0.070432216	-0.05819666	-0.12133668	-0.033048037
DF-TMF10-CQ5935	-0.018534034	-0.06892375	-0.04173912	0.012819473	-0.025214648	0.1575849	-0.02499108
DF-TMF10-BQ1618	0.06293275	-0.07136967	-0.04641677	0.015122454	0.07087319	0.13854267	-0.03181991
DF-TMF10-BQ2418	-0.043725118	0.03590235	0.014156087	0.015559644	0.073615715	0.18363003	-0.037983984
DF-TMF10-BQ5518	0.039618235	-0.020372184	-0.046469286	0.04608989	0.062821135	0.11774729	-0.019398708
DF-TMF10-BY2818	-0.01966376	-0.08320113	-0.044217635	0.04780212	-0.041005332	-0.12544097	0.006861951
DF-TMF10-AQ1501	-0.039799172	-0.0806371	-0.03978752	-0.10440211	0.06951818	0.18476336	-0.051172942
DF-TMF10-CQ1234	0.07447502	0.03730806	0.047976814	0.04776511	0.07254353	0.18224195	0.04211433
DF-TMF10-BQ1318	-0.048449427	0.018573064	-0.04470286	0.04717356	0.07167224	0.18555179	0.012529818
DF-TMF10-24562	0.018745342	0.021670284	-0.04185531	0.06983535	-0.06068126	-0.024893409	0.041140653
DF-TMF10-BY5418	-0.03293894	-0.019264521	-0.008885152	0.06776844	-0.026531702	0.17774683	-0.01860529
DF-TMF10-AQ4201	-0.068488	-0.067289405	-0.04091547	-0.102487154	0.03708977	0.17900357	-0.053647682
DF-TMF15-CQ4333	0.065647624	-0.073313475	-0.043460876	0.0690827	-0.046641286	-0.02562195	0.0007719728
DF-TMF10-AQ2301	0.07299134	-0.052554503	0.003630433	-0.110151045	0.071891844	0.18407801	0.018988699
DF-TMF10-CQ3236	0.021280127	-0.025813377	-0.043386016	-0.10100325	0.050676346	0.17820573	-0.024768492
DF-TMF10-CQ1834	-0.007917073	-0.029691365	-0.044938978	0.06554276	0.00080878986	-0.025326671	-0.032558545
DF-TMF10-BY2718	-0.042761974	-0.07953133	0.044200275	0.046631254	0.06447422	0.18254173	-0.05137977
DF-TMF10-15079	0.06637754	-0.0644347	-0.02962859	0.06895253	-0.05850552	-0.022871442	0.00581268
DF-TMF10-BY2518	0.036137022	-0.06439799	-0.04335142	-0.09158694	-0.059987087	0.17376032	-0.054345872
DF-TMF10-CY4235	0.018375212	-0.08344095	-0.04309784	0.013282704	-0.033818174	0.11403832	-0.053629696
DF-TMF10-15102	0.07079275	-0.011161428	-0.04456951	-0.05679332	0.009927923	-0.12468154	0.0066522304
DF-TMF10-AQ5801	-0.039703034	-0.061601967	-0.042602267	-0.07569629	-0.055087578	0.16031536	-0.041424256
DF-TMF10-15068	0.05956124	0.01799326	-0.002481101	0.068016924	-0.056719366	-0.12274793	0.04494416
DF-TMF10-BY4918	-0.04372886	-0.029606113	-0.036365155	0.0146093005	-0.056793343	0.17828159	0.0074706455
DF-TMF10-AY4501	0.060552496	0.037130825	-0.010948376	0.044512007	-0.056441735	0.05669003	-0.04187294
DF-TMF10-AY3301	0.018620538	0.02628093	-0.031433757	-0.02002896	0.060653433	-0.024742179	0.040274013
DF-TMF10-AQ3901	-0.053131808	-0.031780023	-0.046237	-0.101754114	-0.057365086	0.17760842	-0.03615463
DF-TMF10-15087	0.016200548	-0.06743908	-0.045402493	-0.041122504	-0.057467148	0.11492025	0.019629449
DF-TMF10-15067	0.07319775	-0.063959345	0.055965524	0.015162814	-0.058814783	0.13604167	-0.027683843
DF-TMF10-CY1436	-0.04642922	-0.085093506	-0.0025803552	-0.1045492	0.06755759	0.1809891	0.04494944
DF-TMF10-CQ3434	0.015346417	-0.08432868	-0.044078875	-0.01838526	0.060562696	0.11650812	0.033115108
DF-TMF10-AY2401	-0.042975325	-0.025952665	0.0541492	0.070246495	0.026803154	0.1888104	0.00081700645
DF-TMF10-AQ1401	0.033775207	-0.012774385	-0.0033513634	-0.08628328	0.07082259	0.17869928	0.018970398
DF-TMF10-AQ3401	-0.056074876	-0.07838741	-0.04180249	-0.10425637	-0.057238787	0.17278926	-0.019502131
DF-TMF10-CY5836	-0.0401192	-0.08252883	-0.026947815	-0.042199083	0.042497437	0.056824956	-0.031626258
